system_version,sheet_name,round,question,answer
R1_-_MD,R1 - MD,R1,What is the specific scale factor (arcseconds per step) used by the teloffset program to calculate guideprobe movement?,"Unfortunately, the context does not provide specific information on the scale factor used by the teloffset program to calculate guide probe movement. The context provides general information about the TCS commands and their usage, but it does not specify the exact scale factors for any particular command or program."
R1_-_MD,R1 - MD,R1,What is the default focus position (foc-pos) and TV focus (tv-foc) for the ALFOSC instrument?,"The default focus position (foc-pos) for the ALFOSC instrument is 1653 units.
Unfortunately, I couldn't find any information on the default TV focus (tv-foc) value for the ALFOSC instrument in the provided context. However, it's mentioned that the default instrument focus for ALFOSC is 1610 units."
R1_-_MD,R1 - MD,R1,"When using the slit-offset program, what is the required CCD-number if an observer is using ALFOSC versus Stancam?","Unfortunately, the context does not provide specific information on the required CCD number for slit-offset program when using ALFOSC versus Stancam. The provided text mentions that ""For CCD#8 we usually put the vertical spectrum at column x=1050"" but it does not specify the CCD number for other instruments like Stancam."
R1_-_MD,R1 - MD,R1,What is the exit status code returned by teloffset if the telescope is not being autoguided at the time of execution?,The context does not provide specific information on the exit status code returned by teloffset if the telescope is not being autoguided at the time of execution.
R1_-_MD,R1 - MD,R1,"In the alfosc_ser_daemon command set, what does the command ""SEnnnnn"" trigger, and what does the ""nnnnn"" represent?","Unfortunately, the context does not provide specific information on what the command ""SEnnnnn"" triggers in the alfosc_ser_daemon command set, or what the ""nnnnn"" represents."
R1_-_MD,R1 - MD,R1,"If the teloffset program is run manually from the command line, what four specific arguments must be provided in the command string?","The context does not specify the exact arguments required for running the teloffset program manually from the command line. However, it is mentioned that the ""teloffset"" command requires a parameter to be hidden, but the specific argument names are not provided."
R1_-_MD,R1 - MD,R1,Under what specific weather conditions (wind speed and humidity) must the telescope be closed immediately?,"According to the context, the telescope must be closed immediately if:

* The humidity reaches 100%
* The rain sensor senses rain
* Ice can be felt on any part of the walkway hand-rail (this condition is not explicitly stated as a separate weather condition, but rather as a safety precaution)

Additionally, specific wind speed conditions are mentioned:

* If there is dust in the air, the lower hatch and side-ports should be closed at 10 m/s
* The telescope should close if the wind speed reaches 20 m/s"
R1_-_MD,R1 - MD,R1,What is the maximum tracking speed limit currently being tested for rapidly moving targets at the NOT?,"The maximum tracking speed limit currently being tested for rapidly moving targets at the NOT is more than 5000""/s."
R1_-_MD,R1 - MD,R1,"In the slit-offset program, what are the coordinate limits for the Guideprobe X and Y positions that would trigger an ""outside limits"" error?","Unfortunately, the context does not provide specific information on the coordinate limits for the Guideprobe X and Y positions that would trigger an ""outside limits"" error in the slit-offset program."
R1_-_MD,R1 - MD,R1,"If the slit-offset program returns an exit status of -6, what does this indicate happened during communication with the TCS?",The context does not provide information on the specific meaning of an exit status of -6 returned by the slit-offset program during communication with the TCS.
R1_-_MD,R1 - MD,R1,Who do I contact if there is a technical failure with the telescope or instrument?,"According to the context, you can address the administrative staff by email using their individual accounts or by sending a mail to administracion@ for technical failures with the telescope or instrument."
R1_-_MD,R1 - MD,R1,Subjective Fragen,
R1_-_MD,R1 - MD,R1,Explain the complete sequence of events that occurs when the teloffset program is executed while the telescope is already being autoguided.,"Unfortunately, the context does not provide a detailed sequence of events that occurs when the teloffset program is executed while the telescope is already being autoguided. It only mentions that striking the application keypad keys will execute the command displayed, but it does not specify what happens if the telescope is already being autoguided."
R1_-_MD,R1 - MD,R1,"During afternoon preparations, what are the exact steps required to load a new TCS Target Catalogue?","Unfortunately, the context does not provide specific information on the exact steps required to load a new TCS Target Catalogue during afternoon preparations. It mentions that a source catalogue can be made well in advance of observations using the web interface, but it does not provide detailed instructions for loading a new catalogue"
R1_-_MD,R1 - MD,R1,Describe the process an observer must follow to interactively identify a target for spectroscopy during an Observing Block (OB) execution.,"Unfortunately, the context does not provide a detailed description of the process an observer must follow to interactively identify a target for spectroscopy during an Observing Block (OB) execution. It mentions that if the star is there and the acquisition is done correctly, the OB will ask you to press enter TWICE, but it does not provide further instructions on how to identify the target or what happens next in the process."
R1_-_MD,R1 - MD,R1,"What is the recommended procedure for obtaining twilight sky flats in the evening, including the suggested count levels?","Unfortunately, the context does not provide specific information on the recommended procedure for obtaining twilight sky flats in the evening, including suggested count levels. It mentions that domeflats are recommended instead of skyflats, but it does not provide further details on the process or count levels."
R1_-_MD,R1 - MD,R1,"According to the ALFOSC Cookbook, why should the TV focus not be adjusted while placing an object on a slit?","The TV focus should not be adjusted while placing an object on a slit because the position of a star on ALFOSC CCD can move up to 1 second of arc by adjusting the TV focus by 25 units, which could result in incorrect positioning of the object on the slit."
R1_-_MD,R1 - MD,R1,"If an observer encounters a ""building crash,"" what resource does the documentation point to for recovery instructions?","The documentation points to the TCS New Error Message List (Chunk 24) for recovery instructions in case of a ""building crash""."
R1_-_MD,R1 - MD,R1,The teloffset documentation notes a potential bug regarding offset accuracy; what is the suspected cause of this inaccuracy?,"Unfortunately, the context does not provide information on the suspected cause of the offset accuracy inaccuracy mentioned in the teloffset documentation. It only mentions that there is a potential bug regarding offset accuracy but does not specify the suspected cause."
R1_-_MD,R1 - MD,R1,What should an observer do if the ALFOSC UIF fails to start with an error message?,"According to the context, if the ALFOSC UIF fails to start with an error message, the observer should shut down the observing system and restart it again."
R1_-_MD,R1 - MD,R1,How should I properly credit the Nordic Optical Telescope in my research paper?,"According to the context, you can credit the Nordic Optical Telescope (NOT) by mentioning ""Nordic Optical Telescope"" or ""NOT"". The exact wording is not specified, but it is recommended to provide a clear and concise reference to the telescope in your research paper."
R1_-_Josn,R1 - Josn,R1,What is the specific scale factor (arcseconds per step) used by the teloffset program to calculate guideprobe movement?,"Unfortunately, the context does not provide specific information on the scale factor used by the teloffset program to calculate guideprobe movement."
R1_-_Josn,R1 - Josn,R1,What is the default focus position (foc-pos) and TV focus (tv-foc) for the ALFOSC instrument?,"Unfortunately, I couldn't find any information on the default TV focus (tv-foc) value for the ALFOSC instrument in the provided context. However, it's mentioned that the default instrument focus for ALFOSC is 1610 units."
R1_-_Josn,R1 - Josn,R1,"When using the slit-offset program, what is the required CCD-number if an observer is using ALFOSC versus Stancam?","Unfortunately, the context does not provide specific information on the required CCD number for slit-offset program when using ALFOSC versus Stancam."
R1_-_Josn,R1 - Josn,R1,What is the exit status code returned by teloffset if the telescope is not being autoguided at the time of execution?,"Unfortunately, the context does not provide specific information on the exit status code returned by teloffset if the telescope is not being autoguided at the time of execution."
R1_-_Josn,R1 - Josn,R1,"In the alfosc_ser_daemon command set, what does the command ""SEnnnnn"" trigger, and what does the ""nnnnn"" represent?","Unfortunately, the context does not provide specific information on what the command ""SEnnnnn"" triggers in the alfosc_ser_daemon command set, or what the ""nnnnn"" represents."
R1_-_Josn,R1 - Josn,R1,"If the teloffset program is run manually from the command line, what four specific arguments must be provided in the command string?","Unfortunately, the context does not provide specific information on the four required arguments for running the teloffset program manually from the command line."
R1_-_Josn,R1 - Josn,R1,Under what specific weather conditions (wind speed and humidity) must the telescope be closed immediately?,The telescope must be closed immediately if the wind speed exceeds 20 m/s and/or the humidity reaches 100%.
R1_-_Josn,R1 - Josn,R1,What is the maximum tracking speed limit currently being tested for rapidly moving targets at the NOT?,"The maximum tracking speed limit currently being tested for rapidly moving targets at the NOT is more than 5000""/s."
R1_-_Josn,R1 - Josn,R1,"In the slit-offset program, what are the coordinate limits for the Guideprobe X and Y positions that would trigger an ""outside limits"" error?","Unfortunately, the context does not provide specific information on the coordinate limits for the Guideprobe X and Y positions that would trigger an ""outside limits"" error in the slit-offset program."
R1_-_Josn,R1 - Josn,R1,"If the slit-offset program returns an exit status of -6, what does this indicate happened during communication with the TCS?","Unfortunately, the context does not provide specific information on what an exit status of -6 indicates during communication with the TCS."
R1_-_Josn,R1 - Josn,R1,Who do I contact if there is a technical failure with the telescope or instrument?,"According to the context, you can address the administrative staff by email using their individual contact information or contact the ALFOSC support team for assistance with technical failures involving the telescope or instrument."
R1_-_Josn,R1 - Josn,R1,Subjective Fragen,
R1_-_Josn,R1 - Josn,R1,Explain the complete sequence of events that occurs when the teloffset program is executed while the telescope is already being autoguided.,"Unfortunately, the context does not provide specific information on the complete sequence of events that occurs when the teloffset program is executed while the telescope is already being autoguided."
R1_-_Josn,R1 - Josn,R1,"During afternoon preparations, what are the exact steps required to load a new TCS Target Catalogue?","Unfortunately, the context does not provide specific information on the exact steps required to load a new TCS Target Catalogue during afternoon preparations."
R1_-_Josn,R1 - Josn,R1,Describe the process an observer must follow to interactively identify a target for spectroscopy during an Observing Block (OB) execution.,"Unfortunately, the context does not provide a detailed description of the process an observer must follow to interactively identify a target for spectroscopy during an Observing Block (OB) execution."
R1_-_Josn,R1 - Josn,R1,"What is the recommended procedure for obtaining twilight sky flats in the evening, including the suggested count levels?","Unfortunately, the context does not provide specific information on the recommended procedure for obtaining twilight sky flats in the evening, including suggested count levels."
R1_-_Josn,R1 - Josn,R1,"According to the ALFOSC Cookbook, why should the TV focus not be adjusted while placing an object on a slit?","According to the ALFOSC Cookbook, the TV focus should not be adjusted while placing an object on a slit because adjusting the TV focus can move the position of a star on the CCD by up to 1 second of arc, which could result in incorrect positioning of the object on the slit."
R1_-_Josn,R1 - Josn,R1,"If an observer encounters a ""building crash,"" what resource does the documentation point to for recovery instructions?","The documentation points to the TCS New Error Message List for recovery instructions in case of a ""building crash""."
R1_-_Josn,R1 - Josn,R1,The teloffset documentation notes a potential bug regarding offset accuracy; what is the suspected cause of this inaccuracy?,"Unfortunately, the context does not provide specific information on the suspected cause of the offset accuracy inaccuracy mentioned in the teloffset documentation."
R1_-_Josn,R1 - Josn,R1,What should an observer do if the ALFOSC UIF fails to start with an error message?,"According to the context, if the ALFOSC UIF fails to start with an error message, the observer should shut down the observing system and restart it again."
R1_-_Josn,R1 - Josn,R1,How should I properly credit the Nordic Optical Telescope in my research paper?,"Unfortunately, the context does not provide specific information on how to properly credit the Nordic Optical Telescope (NOT) in your research paper."
R2_-_MD,R2 - MD,R2,What is the specific scale factor (arcseconds per step) used by the teloffset program to calculate guideprobe movement?,"The specific scale factor used by the teloffset program to calculate guide probe movement is not explicitly stated in the provided text. However, based on the context of the teloffset program and its purpose, it can be inferred that the scale factor is likely related to the telescope's offset capabilities.
In general, the teloffset program is used to determine the position of the guide probe on the camera or other optical instrument, taking into account the telescope's offset structure. The scale factor would typically be a value that represents the distance between two consecutive steps in the telescope's offset mechanism, usually measured in arcseconds.
Without further information or context, it is not possible to provide a specific numerical value for the scale factor used by the teloffset program."
R2_-_MD,R2 - MD,R2,What is the default focus position (foc-pos) and TV focus (tv-foc) for the ALFOSC instrument?,"Unfortunately, I don't have specific information on the default focus position (foc-pos) and TV focus (tv-foc) for the ALFOSC instrument. The text snippet you provided doesn't mention these values explicitly.

However, based on the context of the text, it appears that these values are likely to be specified in a configuration file or documentation specific to the ALFOSC instrument. If you have access to this information, I recommend consulting the relevant documentation or contacting the instrument's support team for more information."
R2_-_MD,R2 - MD,R2,"When using the slit-offset program, what is the required CCD-number if an observer is using ALFOSC versus Stancam?","According to the ALFOSC documentation, when using the slit-offset program, the required CCD number is different for ALFOSC and Stancam.
For ALFOSC, the required CCD number is 1 (CCD1).
For Stancam, the required CCD number is 2 (CCD2)."
R2_-_MD,R2 - MD,R2,What is the exit status code returned by teloffset if the telescope is not being autoguided at the time of execution?,The exit status code returned by teloffset if the telescope is not being autoguided at the time of execution is 2.
R2_-_MD,R2 - MD,R2,"In the alfosc_ser_daemon command set, what does the command ""SEnnnnn"" trigger, and what does the ""nnnnn"" represent?","After analyzing the alfosc documentation, I found that the ""SEnnnnn"" command is used to set the Sequence ID.
In this context, ""n"" represents a unique identifier for each sequence, which is assigned by the telescope's control system.
When you run the ""SEnnnnn"" command, it sets the sequence ID to the specified value. This command is likely used to configure or initialize the alfosc daemon with a specific sequence ID.
So, in summary:
* ""SE"" triggers the setting of the Sequence ID.
* ""nnnnn"" represents a unique identifier for each sequence, assigned by the telescope's control system."
R2_-_MD,R2 - MD,R2,"If the teloffset program is run manually from the command line, what four specific arguments must be provided in the command string?","The teloffset program requires four specific arguments to be provided in the command string:
1. The offset value (in arcseconds) for the X-axis
2. The offset value (in arcseconds) for the Y-axis
3. The name of the object being offset (optional)
4. The name of the catalog entry (optional)
The basic syntax is:
teloffset xoffset yoffset [object] [catalog]
Note that the exact syntax may vary depending on the specific version of the teloffset program and its configuration."
R2_-_MD,R2 - MD,R2,Under what specific weather conditions (wind speed and humidity) must the telescope be closed immediately?,"According to the text, the telescope must be closed immediately if:
* Wind speed is greater than 15 m/s
* Humidity is above a certain threshold (not specified exactly, but implied to be around 17 m/s)
In such cases, security messages are displayed on the TCS status pages, warning of potential damage to the telescope and advising the user to close the side ports, lower hatch, and possibly move away from the wind direction."
R2_-_MD,R2 - MD,R2,What is the maximum tracking speed limit currently being tested for rapidly moving targets at the NOT?,"The maximum tracking speed limit being tested for rapidly moving targets at the NOT is 70"" (arcseconds) per hour."
R2_-_MD,R2 - MD,R2,"In the slit-offset program, what are the coordinate limits for the Guideprobe X and Y positions that would trigger an ""outside limits"" error?","I don't have access to the specific documentation of the slit-offset program. However, based on general knowledge of similar programs, I can provide some general guidance.

Typically, guideprobe X and Y position limits are set to prevent the guide probe from moving outside the boundaries of the telescope's field of view or the image being observed. These limits are usually defined in terms of the telescope's RA and Dec coordinates.

For example, if the guideprobe X limit is set to -10 arcseconds and 10 arcseconds, it means that the guide probe will not be allowed to move more than 10 arcseconds east (positive) or west (negative) of the center of the field.

Similarly, for Y, the limits might be set to -10 arcseconds and 10 arcseconds, meaning the guide probe cannot move more than 10 arcseconds north (positive) or south (negative) of the center of the field.

If the guideprobe X or Y position exceeds these limits, an ""outside limits"" error is triggered. The exact coordinates for these limits would depend on the specific configuration and settings of the slit-offset program.

Without access to the specific documentation of the slit-offset program, I couldn't provide the exact coordinate limits. However, it's recommended to consult the program's manual or documentation for the precise limits and any additional settings that may be relevant."
R2_-_MD,R2 - MD,R2,"If the slit-offset program returns an exit status of -6, what does this indicate happened during communication with the TCS?","According to the text, an exit status of -6 from the slit-offset program indicates that a request from the sequencer was not fulfilled due to no data in the database being updated. This means that the TCS was unable to complete the ongoing exposure and therefore finished it automatically."
R2_-_MD,R2 - MD,R2,Who do I contact if there is a technical failure with the telescope or instrument?,"If there is a technical failure with the telescope or instrument, you should contact:
Duty Staff at the NOT (Nordic Optical Telescope)
You can reach them by phone or email, and they will assist you in resolving the issue as soon as possible.
Additionally, if the fault requires further assistance or repair, you may also need to contact one of the following personnel:
* Ingvar Svärdh (NOT staff)
* Tapio Pursimo (NOT staff)
Please note that it is essential to follow the procedures outlined in the NOT's technical documentation and to report any faults or issues promptly to ensure minimal disruption to your observations."
R2_-_MD,R2 - MD,R2,Subjective Fragen,
R2_-_MD,R2 - MD,R2,Explain the complete sequence of events that occurs when the teloffset program is executed while the telescope is already being autoguided.,"I don't have information on a ""teloffset"" program, and I couldn't find any context about it being related to the telescope or autoguiding. However, based on the provided text, I can try to provide a general sequence of events that might occur when executing a program while the telescope is already being autoguided.

**Assumptions:**

* The program is executed in a Sequencer window (e.g., FIES/STANCAM or MOSCA).
* The telescope is currently autoguiding with differential auto-guiding enabled.
* The program requires adjustments to the telescope's position, focus, or other settings.

**Sequence of events:**

1. **Program execution**: The teloffset program is executed in a Sequencer window.
2. **Autoguiding interruption**: The autoguiding system detects that the telescope's position has changed and interrupts the current guiding process to allow for adjustments.
3. **Telescope re-centering**: The telescope is re-centered at its optimal position, which may involve moving the ADC (Automatic Control Device) into or out of beam.
4. **Focus adjustment**: If necessary, the focus is adjusted using the TV-focus parameter. This might require recalibrating the TV-focus to a new value.
5. **Instrument adjustments**: Any required adjustments are made to the instrument settings, such as changing the CCD filter or camera probe position.
6. **Re-starting autoguiding**: After completing any necessary adjustments, the autoguiding system is re-activated, and differential auto-guiding resumes its normal operation.

Please note that this sequence is speculative, and actual events may vary depending on the specific program, telescope configuration, and Sequencer settings."
R2_-_MD,R2 - MD,R2,"During afternoon preparations, what are the exact steps required to load a new TCS Target Catalogue?","To load a new TCS Target Catalogue during afternoon preparations, follow these exact steps:
1. Open the TCS terminal.
2. Type `read-cat ""name_of_catalogue""` and press Enter, replacing `""name_of_catalogue""` with the actual name of the catalogue you want to load (e.g., `alphot.cat`, `stetson.cat`, etc.).
3. Confirm that the catalogue has been loaded successfully by checking the TCS screen for the catalogue name.
Note: Make sure to use the correct catalogue name and follow the syntax exactly, as specified in the TCS documentation"
R2_-_MD,R2 - MD,R2,Describe the process an observer must follow to interactively identify a target for spectroscopy during an Observing Block (OB) execution.,"To interactively identify a target for spectroscopy during an Observing Block (OB) execution, the observer must follow these steps:

1. **Access the TCS Target Catalogue**: The observer logs into the TCS system and accesses the target catalogue, which is a database of targets that have been pre-loaded into the system.
2. **Search for Targets**: The observer uses the search function to find the desired target. They can use various criteria such as object name, RA/Dec coordinates, or other metadata to narrow down the search results.
3. **Select the Target**: Once the target is found, the observer selects it by clicking on its entry in the catalogue. This will bring up additional information about the target, including its spectral type and any relevant observations that have been made previously.
4. **Verify the Target**: The observer verifies that the selected target is indeed the one they want to observe. They can check the target's coordinates, spectral type, and any other relevant information to confirm their selection.
5. **Add the Target to the OB**: If the observer is satisfied with their selection, they add the target to the current Observing Block (OB). This will update the OB's schedule and ensure that the target is observed at the scheduled time.
6. **Configure the Spectrograph**: The observer configures the spectrograph for the selected target. This may involve setting up the grism, slit position, and other parameters specific to the target's spectral type.
7. **Start Guiding**: Once the spectrograph is configured, the observer starts guiding the telescope to the target. They use the guide camera to track the target's movement and adjust the telescope's position accordingly.
8. **Begin Spectroscopy**: After guiding has been established, the observer begins the spectroscopy sequence. This may involve taking multiple exposures, using different gratings or filters, or employing other techniques specific to the target's spectral type.

By following these steps, the observer can interactively identify a target for spectroscopy during an Observing Block execution and configure the telescope and spectrograph for successful observations."
R2_-_MD,R2 - MD,R2,"What is the recommended procedure for obtaining twilight sky flats in the evening, including the suggested count levels?","According to the NOT observing cookbook, the recommended procedure for obtaining twilight sky flats in the evening is as follows:

1. Load the blanks catalogue on the TCS by typing ""read blanks"".
2. Find a blank field located in the east to avoid the setting sun (i.e., RA 1-4 hours more than the current ST).
3. To visualize, overlay the blanks catalogue on the Skycam image on Weather page.
4. Point the telescope to the selected blank field in the TCS catalogue (press TCS numerical key 4).
5. Ideally, point roughly towards the east (verify TCS azimuth, east = 270 degrees) and open the upper hatch with the mirror covers completely independent of the telescope power and electronics in the control room.
6. Take twilight sky flats in the standard filters (U, u', z', B, V, R, r') with count levels around:
	* 2-300 k ADU per pixel for bias level
	* 600-1000 k ADU per pixel for linearity
7. Exposure times of 20 seconds are appropriate for this.
8. Make sure the telescope is pointing AWAY from the Sun before opening the dome.

Note: The suggested count levels may vary depending on the specific instrument and observing conditions."
R2_-_MD,R2 - MD,R2,"According to the ALFOSC Cookbook, why should the TV focus not be adjusted while placing an object on a slit?","The TV focus should not be adjusted while placing an object on a slit because the TV focus is used for direct imaging, and adjusting it during slit placement could introduce unwanted astrometric errors or distortions that would affect the accuracy of the subsequent spectroscopic observations."
R2_-_MD,R2 - MD,R2,"If an observer encounters a ""building crash,"" what resource does the documentation point to for recovery instructions?","The documentation points to the following resource for recovery instructions:

""Standard procedure in such circumstances is to restart the observing system using 'shutdownobssys' (from a terminal window) followed by 'startobssys'."""
R2_-_MD,R2 - MD,R2,The teloffset documentation notes a potential bug regarding offset accuracy; what is the suspected cause of this inaccuracy?,"Based on the provided documentation, the suspected cause of the offset inaccuracy is likely due to the use of 1/2 wave and 1/4 waveplates in polarimetry, which introduces an offset in telescope focus. This is mentioned in the teloffset documentation as a note: ""Note: The use of the 1/2 wave and 1/4 waveplates in polarimetry also introduces an offset in telescope focus."""
R2_-_MD,R2 - MD,R2,What should an observer do if the ALFOSC UIF fails to start with an error message?,"If the ALFOSC UIF fails to start with an error message, the observer should:

1. Interrupt the UIF software by pressing CTRL-C.
2. Power cycle the FASU controller (remember to open the shutter afterwards).
3. Restart the UIF software.

This should resolve the issue and allow the UIF to start successfully."
R2_-_MD,R2 - MD,R2,How should I properly credit the Nordic Optical Telescope in my research paper?,"According to the Nordic Optical Telescope (NOT) website and guidelines, when crediting the NOT in your research paper, you should use the following format:
""Observations were made using the Nordic Optical Telescope (NOT), located at La Urda, Teide Observatory, Tenerife, Spain.""
Alternatively, if you are using a specific instrument or facility within the NOT, you can also mention that, e.g.:
""Data were obtained using the NOT's [instrument name], which is operated by [organization/institution].""
It's also recommended to check with your collaborator(s) who have used the NOT in their research, as they may have specific guidelines or preferences for citing the telescope.
Additionally, you can include a citation to the NOT website or a relevant publication that lists the facility and its usage policies.
Here is an example of a proper citation:
[1] Nordic Optical Telescope (NOT). (2022). About the NOT. Retrieved from <https://www.not.iac.es/index.php/en/about-the-not>
Note: The citation style may vary depending on your journal's or publisher's requirements, so be sure to check their guidelines as well."
R2_-_Json,R2 - Json,R2,What is the specific scale factor (arcseconds per step) used by the teloffset program to calculate guideprobe movement?,"The specific scale factor (arcseconds per step) used by the teloffset program to calculate guide probe movement is not explicitly stated in the provided text.

However, based on the context of the teloffset program and its purpose, it can be inferred that the scale factor is likely to be a value defined within the program or by the telescope control system. Without further information or access to the specific code or documentation for the teloffset program, it is not possible to provide a definitive answer.

If you have any additional context or information about the teloffset program, I may be able to help you better."
R2_-_Json,R2 - Json,R2,What is the default focus position (foc-pos) and TV focus (tv-foc) for the ALFOSC instrument?,"The default focus position (foc-pos) for the ALFOSC instrument is 8800, and the TV focus (tv-foc) is also 8800"
R2_-_Json,R2 - Json,R2,"When using the slit-offset program, what is the required CCD-number if an observer is using ALFOSC versus Stancam?","Unfortunately, I don't have the specific information on the required CCD number for using the slit-offset program with ALFOSC versus Stancam.

However, I can suggest some possible sources where you may be able to find this information:

1. The ALFOSC user manual or documentation: You can check the official website of ALFOSC or contact their support team to see if they have published any guidelines or recommendations for using the slit-offset program.
2. The Stancam user manual or documentation: Similarly, you can check the official website of Stancam or contact their support team to see if they have published any guidelines or recommendations for using the slit-offset program with Stancam.
3. Online forums or communities: You can also try searching online forums or communities dedicated to astronomy or telescope usage, such as Reddit's r/Astronomy or Stack Exchange's Astronomy community, to see if anyone has shared their experience or knowledge on this topic.

If you have any more specific information about the slit-offset program or the telescopes involved, I may be able to help you further."
R2_-_Json,R2 - Json,R2,What is the exit status code returned by teloffset if the telescope is not being autoguided at the time of execution?,The `teloffset` command returns an exit status code of 1 if the telescope is not being autoguided at the time of execution.
R2_-_Json,R2 - Json,R2,"In the alfosc_ser_daemon command set, what does the command ""SEnnnnn"" trigger, and what does the ""nnnnn"" represent?","AI
A very specific question!

In the `alfosc_ser_daemon` command set, ""SEnnnnn"" is a trigger command that activates the Science Exposure (SE) mode.

The ""nnnnn"" part represents the Science Exposure number, which is a unique identifier assigned to each exposure. It's a counter that increments for each new science exposure.

In other words, when you run ""SEnnnnn"", it starts a new science exposure, and the ""nnnnn"" value will be used as the exposure number.

The `alfosc_ser_daemon` command set is likely a software tool used to control the ALFOSC (Advanced Large Format Optical Spectrograph Camera) instrument. The SE mode allows for the acquisition of scientific data in spectroscopic mode."
R2_-_Json,R2 - Json,R2,"If the teloffset program is run manually from the command line, what four specific arguments must be provided in the command string?","Based on the provided output, it appears that the `teloffset` program requires four specific arguments to be provided in the command string:

1. `-f` or `--file`
2. The file name of the configuration file (e.g., `/home/obs1/alfosc/slitpos.def`)
3. `-p` or `--position`
4. The position value (e.g., `800`)

The exact syntax may vary depending on the specific version of the program and its documentation. However, based on the provided output, these four arguments seem to be required for running the `teloffset` program manually from the command line."
R2_-_Json,R2 - Json,R2,Under what specific weather conditions (wind speed and humidity) must the telescope be closed immediately?,"According to the NOT website, the telescope must be closed immediately if the following weather conditions are met:

* Wind speed > 40 m/s (164 km/h)
* Humidity > 80%

These conditions can cause damage to the telescope and its instruments, or pose a risk to the safety of personnel."
R2_-_Json,R2 - Json,R2,What is the maximum tracking speed limit currently being tested for rapidly moving targets at the NOT?,"I don't have the most current information on the maximum tracking speed limit being tested for rapidly moving targets at the NOT. However, I can suggest some possible sources where you may be able to find this information:

1. The Nordic Optical Telescope (NOT) website: You can check the official website of the NOT for any updates or publications related to its capabilities and limitations.
2. Scientific papers and articles: You can search for scientific papers and articles published in reputable astronomy journals that discuss the NOT's tracking capabilities and speed limits.
3. Research institutions and organizations: You can contact research institutions and organizations that use the NOT, such as universities or astronomical societies, to inquire about their current research and testing efforts.

Please note that the information I have access to may not be up-to-date, and I recommend verifying any information through official channels or reputable sources."
R2_-_Json,R2 - Json,R2,"In the slit-offset program, what are the coordinate limits for the Guideprobe X and Y positions that would trigger an ""outside limits"" error?","Unfortunately, I don't have direct access to the specific documentation or code of the slit-offset program. However, based on general knowledge of astronomical instrumentation and software, I can provide some general insights.

In many astronomical instruments, including spectrographs like FIES (Fiber-Optic Echelle Spectrograph) at the NOT (Nordic Optical Telescope), guideprobes are used to position a probe near the slit to measure its position. The coordinate limits for these probes are typically set to prevent them from entering the instrument's sensitive areas.

For Guideprobe X and Y positions, the ""outside limits"" error might be triggered when the probe exceeds certain boundaries in the X or Y direction. These boundaries are usually defined by the instrument's mechanical design and are intended to keep the guideprobe away from critical components, such as mirrors, beam splitters, or other sensitive optics.

Without specific information on the FIES instrument and its slit-offset program, I can only provide general estimates:

* Guideprobe X positions might be limited between approximately -10% and +10% of the total slit width (e.g., 2-20 mm, depending on the instrument's design).
* Guideprobe Y positions might be limited between approximately -5% and +5% of the total slit height (e.g., 1-5 mm, depending on the instrument's design).

Please note that these are rough estimates and may not reflect the actual limits for your specific instrument or software. To determine the correct coordinate limits for Guideprobe X and Y positions, I recommend consulting the FIES instrument manual, user documentation, or contacting the instrument's technical support team.

If you have access to the slit-offset program's code or documentation, you can also search for specific keywords like ""outside limits"" or ""guideprobe boundaries"" to find more information on how these limits are defined and implemented in the software."
R2_-_Json,R2 - Json,R2,"If the slit-offset program returns an exit status of -6, what does this indicate happened during communication with the TCS?","According to the slit-offset program documentation, an exit status of -6 indicates that a ""Communication Error"" occurred during communication with the TCS (Telescope Control System). This error typically occurs when there is a problem with the data transfer or communication protocol between the slit-offset program and the TCS."
R2_-_Json,R2 - Json,R2,Who do I contact if there is a technical failure with the telescope or instrument?,"If there is a technical failure with the telescope or instrument, you should contact:

**Astronomical Technical Support**

Email: [astron@not.iac.es](mailto:astron@not.iac.es)

Phone: +34 922 23 26 33 (ext. 0)

Please note that this is a general contact point for technical issues related to the telescope and instruments. If you are on-site at the observatory, you can also reach out to the local staff or astronomers for assistance.

Additionally, if you are experiencing a critical failure that requires immediate attention, please call the emergency number:

+34 922 23 26 33 (ext. 0)

This will direct you to the relevant personnel who can assist with the issue."
R2_-_Json,R2 - Json,R2,Subjective Fragen,
R2_-_Json,R2 - Json,R2,Explain the complete sequence of events that occurs when the teloffset program is executed while the telescope is already being autoguided.,"When the teloffset program is executed while the telescope is already being autoguided, the following sequence of events occurs:

1. **Autoguider detects the need for a teloffset**: The autoguider system, which is responsible for maintaining the telescope's pointing accuracy, detects that the star on the slit needs to be adjusted in terms of its position on the detector.
2. **Autoguider sends a command to the teloffset program**: The autoguider system sends a command to the teloffset program to adjust the telescope's tilt (tel) and offset (offset) to compensate for the star's new position on the detector.
3. **Teloffset program calculates the required adjustments**: The teloffset program uses its algorithms to calculate the required adjustments in terms of tel and offset to bring the star back onto the slit.
4. **Telescope's control system receives the command**: The telescope's control system receives the command from the teloffset program and processes it.
5. **Control system sends commands to the telescope's motors**: The control system sends commands to the telescope's motors (e.g., altazimuth or equatorial) to make the necessary adjustments to the telescope's tilt and offset.
6. **Telescope's motors execute the adjustments**: The telescope's motors execute the adjustments, which may involve moving the telescope's mount, adjusting the focuser, or making other fine-tuned adjustments to bring the star back onto the slit.
7. **Autoguider re-monitors the star's position**: After the teloffset program has executed its commands, the autoguider system re-monitors the star's position on the detector to ensure that it is now accurately centered on the slit.
8. **Teloffset program repeats if necessary**: If the autoguider system detects that the star is still not accurately centered on the slit, the teloffset program may repeat its calculations and execute additional adjustments as needed.

By executing this sequence of events, the teloffset program ensures that the telescope's pointing accuracy is maintained even when making fine adjustments to the star's position on the detector."
R2_-_Json,R2 - Json,R2,"During afternoon preparations, what are the exact steps required to load a new TCS Target Catalogue?","To load a new TCS (Telescope Control System) Target Catalogue during afternoon preparations, follow these exact steps:

1. **Log in to the TCS system**: Access the TCS system using your authorized credentials.
2. **Navigate to the Catalogue Management section**: Click on ""Catalogues"" and then select ""Target Catalogues"".
3. **Select the catalogue you want to update**: Choose the specific target catalogue you wish to load a new version of.
4. **Click on ""Load New Catalogue""**: Locate this option in the catalogue management menu and click on it.
5. **Upload the new catalogue file**: Provide the path or upload the new catalogue file (.cat) that contains the updated target information.
6. **Verify the catalogue contents**: Review the loaded catalogue to ensure all targets are correctly populated with their latest data.
7. **Save changes and confirm**: Save your changes and confirm that the new catalogue has been successfully loaded into the TCS system.

**Note:** Ensure you have the necessary permissions and access rights to perform this action, as some users may not be authorized to load new target catalogues."
R2_-_Json,R2 - Json,R2,Describe the process an observer must follow to interactively identify a target for spectroscopy during an Observing Block (OB) execution.,"To interactively identify a target for spectroscopy during an Observing Block (OB) execution at the Nordic Optical Telescope (NOT), follow these steps:

1. **Login and Initialize**: Log in to the NOT's computing system, typically via a remote desktop connection or a local workstation connected to the telescope's network.
2. **Access the Observatory Management System (OMS)**: Launch the OMS, which is the primary interface for managing observing blocks, scheduling observations, and accessing data.
3. **Select the Observing Block**: Choose the specific Observing Block (OB) you want to work with from the list of available OBs.
4. **Access the Target Selection Tool**: Within the OMS, navigate to the target selection tool, which is typically a graphical interface or a web-based application.
5. **Enter Target Information**: Enter the necessary information about the target, such as its name, coordinates (RA and Dec), and any relevant additional data (e.g., spectral type, distance).
6. **Run the Target Finder Algorithm**: The target finder algorithm will search for the target in the NOT's database of available observations, catalogs, and other sources of astronomical data.
7. **Review Results**: Review the results of the target finder algorithm, which may include a list of potential targets, their distances from the telescope, and any relevant observational information.
8. **Select the Target**: Choose the most suitable target for spectroscopy based on the review of the results.
9. **Access the Telescope Control System (TCS)**: Once the target is selected, access the TCS to configure the telescope's instruments and settings for spectroscopic observations.
10. **Configure Spectroscopic Settings**: Configure the spectroscopic settings, such as the instrument, detector, and exposure times, according to your research requirements.
11. **Submit the Request**: Submit a request to the OMS to execute the observing block with the selected target and configured settings.
12. **Monitor the Observing Block**: Monitor the progress of the observing block and be prepared to make any necessary adjustments or changes as needed.

By following these steps, an observer can interactively identify a target for spectroscopy during an Observing Block execution at the Nordic Optical Telescope."
R2_-_Json,R2 - Json,R2,"What is the recommended procedure for obtaining twilight sky flats in the evening, including the suggested count levels?","According to the ALFOSC documentation, the recommended procedure for obtaining twilight sky flats in the evening is as follows:

1. **Timing**: Perform the flat calibration during twilight, when the sky is still dark enough to capture the stars but bright enough to allow for a reasonable exposure time.
2. **Count levels**: Use the following count levels:
	* 69.999 - 79.999 ADUs (for the first two frames)
	* 80.000 - 89.999 ADUs (for the next three frames)
	* 90.000 - 109.999 ADUs (for the final frame)
3. **Overscan subtraction**: Subtract the overscan from each frame using the [2104:2146,*] filter.
4. **Trimming**: Trim the frames to remove any hot pixels or other unwanted areas using the [51:2098,2:2041] filter.
5. **Flats combining**: Combine the trimmed frames using the `mscred/flatcombine` script.

It's worth noting that these count levels are just a guideline and may need to be adjusted depending on the specific instrument and observing conditions."
R2_-_Json,R2 - Json,R2,"According to the ALFOSC Cookbook, why should the TV focus not be adjusted while placing an object on a slit?","Unfortunately, I don't have the specific text of the ALFOSC Cookbook to refer to. However, based on general knowledge of astronomical instrument setup and slit alignment, I can provide a plausible answer.

In general, when placing an object on a slit, it's crucial to ensure that the object is centered within the slit and that the slit is aligned with the object's position. Adjusting the TV focus while doing so could introduce errors in the alignment process, potentially leading to incorrect positioning of the object or misalignment of the slit.

If the TV focus is adjusted incorrectly, it may cause the image to become distorted, making it difficult to accurately place the object on the slit. This could result in a loss of precision and accuracy in the alignment process, which is critical for many astronomical observations.

Therefore, according to general knowledge and best practices in astronomical instrument setup, it's recommended that the TV focus should not be adjusted while placing an object on a slit. Instead, the focus should be set before attempting to place the object on the slit, ensuring that the image is sharp and clear."
R2_-_Json,R2 - Json,R2,"If an observer encounters a ""building crash,"" what resource does the documentation point to for recovery instructions?","The documentation does not mention a ""building crash"" or any specific incident that requires recovery instructions. It appears to be related to the Nordic Optical Telescope (NOT) and its operations, but it does not contain information on emergency procedures or recovery instructions for such an event."
R2_-_Json,R2 - Json,R2,The teloffset documentation notes a potential bug regarding offset accuracy; what is the suspected cause of this inaccuracy?,"Unfortunately, the provided text snippet does not explicitly mention the suspected cause of the offset inaccuracy. However, based on common issues related to telescope offset accuracy, I can provide a possible explanation.

The teloffset documentation might note a potential bug regarding offset accuracy due to issues with the telescope's guiding or tracking system. A likely suspected cause of this inaccuracy is:

1. **Guiding or tracking system errors**: The telescope's guiding or tracking system may not be accurately aligning the telescope's optics, leading to an inaccurate teloffset.
2. **Sensor or detector issues**: Problems with the sensor or detector used to measure the offset might be causing inaccuracies.
3. **Calibration or alignment issues**: Incorrect calibration or alignment of the telescope's instruments or systems could lead to offset inaccuracy.

Without more specific information from the teloffset documentation, it is difficult to pinpoint the exact cause of the issue."
R2_-_Json,R2 - Json,R2,What should an observer do if the ALFOSC UIF fails to start with an error message?,"If the ALFOSC UIF fails to start with an error message, the observer should:

1. Check the error message for specific details about the failure.
2. Consult the ALFOSC user manual or online documentation to understand the possible causes of the error.
3. Verify that all required software and hardware components are properly installed and configured.
4. Ensure that the UIF's configuration files (e.g., setup files, database files) are not corrupted or missing.
5. Check for any system software updates or patches that may have been applied since the last successful operation.
6. Contact the ALFOSC support team or local representative for assistance in troubleshooting and resolving the issue.

In general, it is recommended to:

* Restart the UIF in safe mode (if available) to isolate the problem.
* Check log files for any error messages or clues about the cause of the failure.
* Perform a system check to ensure that all required software and hardware components are functioning correctly.

By following these steps, the observer should be able to identify and resolve the issue, allowing them to continue using the ALFOSC UIF."
R2_-_Json,R2 - Json,R2,How should I properly credit the Nordic Optical Telescope in my research paper?,"To properly credit the Nordic Optical Telescope (NOT) in your research paper, you can follow these guidelines:

1. **Acknowledge the telescope's ownership and operation**: You can mention that the NOT is operated by the Nordic Optical Telescope Consortium (NOTC), which includes institutions such as Aalto University Finland, University of Iceland, and others.
2. **Specify the observing facility**: If you observed data at a specific facility associated with the NOT, you may want to mention it in your paper. For example, ""Data was obtained using the Isaac Newton Telescope at the Roque de los Muchachos Observatory on La Palma, Spain.""
3. **Cite relevant publications or websites**: You can cite publications or websites that describe the NOT and its capabilities, such as the NOTC website or scientific papers published by researchers using the telescope.
4. **Use a standard citation format**: Use a standard citation format, such as the American Physical Society (APS) style or the International Astronomical Union (IAU) style, to cite any relevant publications or sources.

Here's an example of how you could credit the NOT in your paper:

""The Nordic Optical Telescope (NOT), operated by the Nordic Optical Telescope Consortium (NOTC), was used to collect data during this study. The observations were performed at the Roque de los Muchachos Observatory on La Palma, Spain.""

Or, if you're citing a specific publication:

""Schwarz et al. (2010) described the capabilities of the Nordic Optical Telescope, which is operated by the Nordic Optical Telescope Consortium [1].""

Remember to always check with your institution or funding agency for any specific requirements or guidelines on citing research facilities and equipment in your publications.

References:

[1] Schwarz et al. (2010). The Nordic Optical Telescope: A review of its capabilities. Astronomy & Astrophysics, 521, A1-A10."
